{"cameraMode":{"drawMode":0,"name":"Shaded","section":"Shading Mode"},"sceneLighting":true,"audioPlay":false,"sceneViewState":{"m_AlwaysRefresh":false,"showFog":false,"showSkybox":true,"showFlares":false,"showImageEffects":false,"showParticleSystems":false,"showVisualEffectGraphs":true,"m_FxEnabled":true},"in2DMode":false,"pivot":{"x":0.8013792037963867,"y":3.015962600708008,"z":0.04696083068847656},"rotation":{"x":0.6627275943756104,"y":-0.008750350214540959,"z":0.007740409579128027,"w":0.7487943768501282},"size":7.218747138977051,"orthographic":true}