{"cameraMode":{"drawMode":0,"name":"Shaded","section":"Shading Mode"},"sceneLighting":true,"audioPlay":false,"sceneViewState":{"m_AlwaysRefresh":false,"showFog":false,"showSkybox":true,"showFlares":false,"showImageEffects":false,"showParticleSystems":false,"showVisualEffectGraphs":true,"m_FxEnabled":true},"in2DMode":false,"pivot":{"x":-14.062004089355469,"y":-23.40947723388672,"z":-14.009563446044922},"rotation":{"x":0.21021640300750733,"y":-0.7896371483802795,"z":0.41504475474357607,"w":0.40008071064949038},"size":15.652776718139649,"orthographic":false}