{"cameraMode":{"drawMode":0,"name":"Shaded","section":"Shading Mode"},"sceneLighting":true,"audioPlay":false,"sceneViewState":{"m_AlwaysRefresh":false,"showFog":false,"showSkybox":true,"showFlares":false,"showImageEffects":false,"showParticleSystems":false,"showVisualEffectGraphs":true,"m_FxEnabled":true},"in2DMode":false,"pivot":{"x":391.1949157714844,"y":388.742919921875,"z":383.51666259765627},"rotation":{"x":0.037483539432287219,"y":0.01948506385087967,"z":-0.0007310606306418777,"w":0.9991065263748169},"size":1165.5587158203125,"orthographic":true}