{"cameraMode":{"drawMode":0,"name":"Shaded","section":"Shading Mode"},"sceneLighting":true,"audioPlay":false,"sceneViewState":{"m_AlwaysRefresh":false,"showFog":false,"showSkybox":true,"showFlares":false,"showImageEffects":false,"showParticleSystems":false,"showVisualEffectGraphs":true,"m_FxEnabled":true},"in2DMode":false,"pivot":{"x":496.0803527832031,"y":276.57391357421877,"z":80.4207763671875},"rotation":{"x":0.05097751319408417,"y":-0.0029958272352814676,"z":0.00015322730178013444,"w":0.9986943006515503},"size":267.630126953125,"orthographic":false}