{"cameraMode":{"drawMode":0,"name":"Shaded","section":"Shading Mode"},"sceneLighting":true,"audioPlay":false,"sceneViewState":{"m_AlwaysRefresh":false,"showFog":false,"showSkybox":true,"showFlares":false,"showImageEffects":false,"showParticleSystems":false,"showVisualEffectGraphs":true,"m_FxEnabled":true},"in2DMode":false,"pivot":{"x":-0.38431331515312197,"y":-60.16503143310547,"z":5.581462860107422},"rotation":{"x":0.671113133430481,"y":-0.016150927171111108,"z":0.014732264913618565,"w":0.7410737872123718},"size":37.607818603515628,"orthographic":false}