{"cameraMode":{"drawMode":0,"name":"Shaded","section":"Shading Mode"},"sceneLighting":true,"audioPlay":false,"sceneViewState":{"m_AlwaysRefresh":false,"showFog":false,"showSkybox":true,"showFlares":false,"showImageEffects":false,"showParticleSystems":false,"showVisualEffectGraphs":true,"m_FxEnabled":true},"in2DMode":false,"pivot":{"x":6.474143028259277,"y":1.0632224082946778,"z":-1.341550350189209},"rotation":{"x":0.3967372477054596,"y":0.012392002157866955,"z":-0.0053566135466098789,"w":0.9178302884101868},"size":5.356339931488037,"orthographic":false}