{"cameraMode":{"drawMode":0,"name":"Shaded","section":"Shading Mode"},"sceneLighting":true,"audioPlay":false,"sceneViewState":{"m_AlwaysRefresh":false,"showFog":false,"showSkybox":true,"showFlares":false,"showImageEffects":false,"showParticleSystems":false,"showVisualEffectGraphs":true,"m_FxEnabled":true},"in2DMode":false,"pivot":{"x":-2.0553393363952638,"y":-29.884170532226564,"z":23.626708984375},"rotation":{"x":0.4303748607635498,"y":-0.0021051473449915649,"z":0.0010715333046391607,"w":0.9026708602905273},"size":26.494619369506837,"orthographic":false}