{"cameraMode":{"drawMode":0,"name":"Shaded","section":"Shading Mode"},"sceneLighting":true,"audioPlay":false,"sceneViewState":{"m_AlwaysRefresh":false,"showFog":false,"showSkybox":true,"showFlares":false,"showImageEffects":false,"showParticleSystems":false,"showVisualEffectGraphs":true,"m_FxEnabled":true},"in2DMode":false,"pivot":{"x":0.7738947868347168,"y":16.244754791259767,"z":0.3202826976776123},"rotation":{"x":0.7445983290672302,"y":-0.03338049352169037,"z":0.03823528811335564,"w":0.6655811667442322},"size":8.379493713378907,"orthographic":true}