{"cameraMode":{"drawMode":0,"name":"Shaded","section":"Shading Mode"},"sceneLighting":true,"audioPlay":false,"sceneViewState":{"showFog":false,"showMaterialUpdate":false,"showSkybox":true,"showFlares":false,"showImageEffects":false,"showParticleSystems":false},"in2DMode":false,"pivot":{"x":-0.6743724942207336,"y":-0.5647544860839844,"z":3.3933629989624025},"rotation":{"x":0.37618374824523928,"y":-0.5398210883140564,"z":0.29267197847366335,"w":0.6938458681106567},"size":14.187761306762696,"orthographic":false}